Liwia, Skowroñska
Karol, Chrzanowski
Oliwia, Kucharska
Amelia, Szymañska
Jakub, Ciesielski
Antoni, Piotrowski
Kacper, Nawrocki
Gabriela, Zieliñska
Jan, Skiba
Miko³aj, Lipiñski
Micha³, Jab³oñski
Aleksander, Nowak
Agata, Tomczak
Bruno, Cieœlak
Nikola, Nowak
Szymon, Nowakowski
Karolina, Kurek
Jagoda, Soko³owska
Alan, Szczepañski
Witold, WoŸniak
Patrycja, Sobczak
Szymon, Jakubowski
Boles³aw, Szymañski
Jakub, Chmielewski
Oliwia, Wiœniewska
Maria, ¯ak
Stanis³aw, Wilczyñski
Zuzanna, Lewandowska
Maria, Jab³oñska
Filip, Wrona
Jakub, Kania
Przemys³aw, Ziêba
Anna, Walczak
Martyna, Kamiñska
Berenika, Mazur
Jakub, Nowacki
Natalia, Kozie³
Izabela, Sobczak
Karol, Kubiak
Szymon, Grzelak
Filip, Bielecki
Wiktor, Wróblewski
Anna, Kucharska
Patrycja, Kowalska
Oliwier, Morawski
Adam, Wrona
Alicja, Ratajczak
Hugo, Rybak
£ukasz, Koz³owski
Anna, Kosiñska
Matylda, Zakrzewska
Stanis³aw, Bednarczyk
Amelia, Wiœniewska
Igor, Lipiñski
Patryk, Kowal
Adrian, Mazur
Zofia, Pluta
Daria, Leœniak
Iga, Koz³owska
Karolina, Wróblewska
Mateusz, Kowalski
Ada, WoŸniak
Leonard, Borowski
Dawid, Sobczak
Katarzyna, Zaj¹c
Nataniel, Kamiñski
Aleksandra, Adamczyk
Michalina, Ko³odziej
Jakub, Jankowski
Jakub, D¹browski
Jan, Niemiec
Patrycja, Ko³odziejczyk
Julia, Cieœlak
Oliwia, Paj¹k
Aleksandra, Marek
Bartek, Nowak
Adam, Bia³ek
Nikol, Wójcik
Marcin, Borowski
Dawid, Rybak
Bartek, Kaczmarek
Adrian, Kowalczyk
Karolina, Wolska
Antonina, Krawczyk
Maria, Mróz
Filip, Dêbski
Julia, Czajkowska
Aleksandra, Mazurek
Natalia, Zaj¹c
Mi³osz, Zaj¹c
Julia, Paw³owska
Wojciech, Kacprzak
Jakub, Mazurkiewicz
Oliwia, Stêpieñ
Hanna, Mazur
Julia, Witkowska
Aleksander, Jasiñski
Wiktoria, Brzeziñska
Wiktoria, Marciniak
Zuzanna, Górska
Bartek, Nowak
And¿elika, Romanowska
Daria, Wróblewska
Maciej, Piotrowski
Julia, Weso³owska
Olga, Matusiak
Julia, Jakubowska
Igor, Rutkowski
Jakub, Wróblewski
Maksymilian, G³owacki
Marcin, Wasilewski
Aleksander, Go³êbiowski
Wiktoria, D¹browska
Kornel, Lewandowski
Wiktoria, D¹browska
Zuzanna, Olejniczak
Anna, Nowicka
Cyprian, Sawicki
Aleksander, Jarosz
Michalina, Orzechowska
Amelia, Nowak
Tymon, Pawlak
Miron, Olszewski
Katarzyna, Maciejewska
Hubert, Gajda
Karina, Paluch
Gustaw, Or³owski
Jan, ¯ukowski
Dariusz, Urbañski
Natasza, Szymczak
Matylda, Grzelak
Gabriela, Chojnacka
Karolina, Wieczorek
Natalia, Nowicka
Patryk, Witkowski
Nikola, Kania
Kacper, Chmielewski
Julia, Wiœniewska
Jan, Przybylski
Aleksandra, Wojciechowska
Beniamin, Brzozowski
Liliana, Tomaszewska
Antonina, Matusiak
Zuzanna, Nowak
Wiktor, Marsza³ek
Sebastian, Lipiñski
Jakub, Stankiewicz
Aleksandra, Nowacka
Franciszek, Baranowski
Wiktoria, Lewandowska
Karolina, Witkowska
Stanis³aw, Bednarski
Aleksandra, Mucha
Jan, Laskowski
Urszula, Kaczmarek
Maksymilian, Koz³owski
Jakub, Ko³odziej
Wiktoria, Dziedzic
Hanna, Tomczyk
Natalia, Rybak
Krystian, Kaczmarek
Oliwia, Klimek
Micha³, Dziedzic
Iga, Górecka
Marika, Górecka
Amanda, Sosnowska
Weronika, Piasecka
Dawid, Wiœniewski
Natalia, Ma³ek
Ma³gorzata, W³odarczyk
Natasza, Michalak
Miko³aj, Karpiñski
Julia, Sawicka
Katarzyna, Krajewska
Nikola, Zaj¹c
Aleksandra, Nowak
Amanda, Janik
Natalia, Orzechowska
Maja, Duda
Ewa, Borkowska
Stanis³aw, Nowicki
Jan, Urban
Zuzanna, Klimek
Maciej, Pawlik
Monika, Szymañska
Gabriela, Mazurkiewicz
Aleksandra, Czaja
Patryk, Czerwiñski
Alicja, ¯ukowska
Angelika, Przybylska
Julia, Cieœlak
Eryk, Paw³owski
Agata, Kowalska
Marcel, Jab³oñski
Patrycja, Miko³ajczyk
Antonina, Nowak
Piotr, Pawlak
Cezary, Czerwiñski
Piotr, Ostrowski
Oliwia, Adamska
Zofia, Szymañska
Pola, £uczak
Karolina, Olejnik
Patrycja, Bednarek
Julia, Nowak
Maciej, Ma³ecki
Olga, Kaczmarczyk
Lena, Majchrzak
Zofia, JóŸwiak
Olaf, Wiœniewski
Julian, Ciesielski
Helena, Paj¹k
Jan, Król
Mi³osz, Nowak
Alicja, Wiœniewska
Natalia, Kuczyñska
Zuzanna, Kwiatkowska
Julia, Baranowska
Dominika, Kaczmarek
Aleksander, Dêbski
Marek, Walczak
Zofia, Stankiewicz
Maciej, £ukasik
Anna, D¹browska
Zuzanna, B³aszczyk
Julia, Mróz
Aleksandra, Kowal
Gabriel, Koz³owski
Pawe³, Domañski
Maja, Duda
Aniela, Krawczyk
Amelia, Kamiñska
Szymon, Kania
Filip, Sobczak
Ma³gorzata, Cieœlak
Anna, Wójcik
Aleksy, Mazurek
Szymon, Zalewski
Julia, Zalewska
Bartek, Górecki
Filip, Mazur
Maja, Nowak
Nikodem, Dobrowolski
Jan, Piotrowski
Piotr, Morawski
Zofia, Morawska
Grzegorz, Lewandowski
Zofia, Duda
Natalia, Nowak
Kacper, D¹browski
Zuzanna, Œwi¹tek
Zofia, Kaczmarek
Wiktoria, Borkowska
Marika, Czy¿
Antoni, Kamiñski
Adrianna, Grzelak
Emilia, Nowak
Fabian, Nowicki
Barbara, B¹k
Nela, Szulc
Wit, Czajkowski
Roksana, Brzeziñska
Bartek, Michalski
Martyna, Walczak
Jowita, Wiœniewska
Agata, Majewska
Grzegorz, Pietrzak
Jeremi, Sadowski
Oliwier, Cieœlak
Julia, Stankiewicz
Helena, Bia³ek
Jan, Janik
Marcin, Chrzanowski
Stanis³aw, Borkowski
Zuzanna, Domaga³a
Damian, Chmielewski
Tomasz, Weso³owski
Urszula, Sikorska
Zofia, W³odarczyk
Wiktoria, Kujawa
Micha³, Jab³oñski
Aleksandra, Bielecka
Tadeusz, Wiœniewski
Karolina, Kowalik
Adam, Kania
Antonina, Szymañska
Adam, Marczak
Filip, £uczak
Kacper, Borkowski
Weronika, Krawczyk
Jakub, Walczak
Bartek, Nowacki
Maciej, Augustyniak
Julia, Kot
Karol, Nowak
Magdalena, Bednarska
Andrzej, Bednarski
Wiktoria, Wieczorek
Natalia, Krawczyk
Filip, Jab³oñski
